Common name,Scientific name,Order,Family,Last confirmed record ,Years since last record,Possibly extinct?,Cause of decline,Island?,Montane?,Zoogeography,Tropical?,Country,Region,IUCN Assesment ,Notes
Schneider's Banana Frog,Afrixalus schneideri,Anura,Hyperoliidae,1889,132,0,Urbanisation,0,,African,1,Cameroon,,DD,Known only from holotype.Taxonomy uncertain.Tacticly acknowledged as potentially extinct even if not listed as such.
Island Spiny-chest Frog,Alsodes monticola,Anura,Alsodidae,1899,122,0,Unknown,0,,South American,1,Chile,,DD,"Known only from holotype. Last observed in 1800s, 1899 conservatively applied."
Malleco Spiny-chest Frog,Alsodes vittatus,Anura,Alsodidae,1901,120,0,None,0,,South American,1,Chile,,DD,Known only from type series. 
Niceforo's Poison Frog,Ameerega ingeri,Anura,Dendrobatidae,1970,51,0,Habitat loss,0,1,South American,1,Colombia,,DD,Known only from holotype .
Admirable False Brook Salamander,Aquiloeurycea praecellens,Caudata,Plethodontidae,1955,66,1,Habitat loss,0,0,South American,1,Mexico,,CR,Known only from holotype.
Du Toit's Torrent Frog,Arthroleptides dutoiti,Anura,Petropedetidae,1962,59,1,Unknown. Chytrid partially hypothesised,0,1,African,1,Kenya,Mountains on Kenya/Uganda border,CR,
Overlooked Squeaker Frog,Arthroleptis kutogundua,Anura,Arthroleptidae,1930,91,1,Habitat loss,0,1,African,1,Tanzania,Eastern Arc Mountains,CR,Known only from holotype.
Toad sp.,Atelopus gigas,Anura,Bufonidae,1970,51,1,"Chytrid, habitat loss",0,1,South American,1,Colombia,,CR,Known only from type series. 
San Isidro Stubfoot Toad,Atelopus pedimarmoratus,Anura,Bufonidae,1963,58,1,"Habitat loss, chytrid",0,1,South American,1,Colombia,,CR,Known only from type series. 
Normandia Caecilian,Caecilia crassisquama,Gymnophiona,Caeciliidae,1968,53,0,Habitat loss,0,1,South American,1,Ecuador,,DD,Known only from type series. 
Fundo Sinchona Caecilian,Caecilia inca,Gymnophiona,Caeciliidae,1944,77,0,Habitat loss,0,1,South American,1,Peru,,DD,Known only from holotype.
Frog sp.,Callulops dubius,Anura,Microhylidae,1895,126,0,Habitat loss,1,0,Oriental,1,Indonesia,Talaud islands,DD,Known only from type series.  Collection date not given so description date applied.
Kopstein's Callulops Frog,Callulops kopsteini,Anura,Microhylidae,1924,97,0,Habitat loss,1,0,Australian ,1,Indonesia ,Sanana island,DD,Known only from type series. 
Frog sp.,Cardioglossa inornata,Anura,Arthroleptidae,1961,60,0,"Mining, habitat loss",0,1,African,1,Democratic Republic of the Congo,,DD,Known only from type series. 
Cordillera Azul Giant Glass Frog,Centrolene azulae,Anura,Centrolenidae,1966,55,0,Habitat loss,0,1,South American,1,Peru,,DD,Known only from holotype.
Frog sp.,Ceratophrys testudo,Anura,Ceratobatrachidae,1937,84,0,Unknown,0,?,South American,1,Ecuador,,DD,Known only from type series. Exact collection locality uncertain.
Kuttal Caecilian,Chikila fulleri,Gymnophiona,Chikilidae,1904,117,0,Unknown,0,0,Oriental,1,India,,DD,Known only from holotype.
Cherrapunji Bubble-nest Frog,Chirixalus cherrapunjiae,Anura,Rhacophoriae,1959,62,0,Unknown,0,1,Oriental,1,India,,DD,Known only from type series. 
Common Rainforest Frog,Choerophryne variegata,Anura,Microhylidae,1923,98,0,None,1,?,Australian ,1,Indonesia,Papua,DD,Collection date not given so description date applied
Braestrup's Caecilian,Chthonerpeton braestrupi,Gymnophiona,Typhlonectidae,1968,53,0,Unknown,0,?,South American,1,Brazil,,DD,Known only from holotype.Collection date not given so description date applied.
Frog sp.,Cophixalus montanus,Anura,Microhylidae,1899,122,0,Unknown,1,0,Australian ,1,Indonesia,Moluccas,DD,"Last observed in ""late 1800s"",  1899 conservatively applied."
Tagula Rainforest Frog,Cophixalus tagulensis,Anura,Microhylidae,1956,65,0,None,1,0,Australian ,1,Papua New Guinea,,DD,Known only from type series. 
Elegant Sticky-toed Frog,Cornufer elegans,Anura,Ceratobatrachidae,1969,52,0,None,1,1,Australian ,1,Papua New Guinea,Bougainville Island,LC,"Known only from type series.  Last observed in 1960s, 1969 conservativly applied ."
Bougainville Sticky-toed Frog,Cornufer gigas,Anura,Ceratobatrachidae,1966,55,0,Unknown,1,1,Australian ,1,Papua New Guinea ,Bougainville Island,DD,Known only from type series. 
San Pedro Robber Frog,Craugastor merendonensis,Anura,Craugastoridae ,1968,53,1,"Habitat loss, possibly chytrid",0,0,South American,1,Honduras ,,CR,
Forest Robber Frog,Craugastor silvicola,Anura,Craugastoridae ,1964,57,0,Unknown,0,1,South American,1,Mexico,,DD,
Frog sp.,Crossodactylodes pintoi,Anura,Leptodactylidae,1909,112,0,None,0,1,South American,1,Brazil,,DD,Known only from type series. 
BornmÅller's Caecilian,Crotaphatrema bornmuelleri,Gymnophiona,Scolecomorphidae,1893,128,0,Habitat loss,0,?,African,1,Cameroon,,DD,Known only from holotype.
Frog sp.,Cycloramphus carvalhoi,Anura,Cycloramphidae,1959,62,0,Unknown,0,1,South American,1,Brazil,,DD,
Frog sp.,Cycloramphus diringshofeni,Anura,Cycloramphidae,1950,71,0,Unknown,0,?,South American,1,Brazil,,DD,
Frog sp.,Cycloramphus duseni,Anura,Cycloramphidae,1914,107,0,Tourism,0,0,South American,1,Brazil,,DD,Known only from type series. 
Socopo Tree Frog,Dendropsophus amicorum,Anura,Hylidae,1968,53,0,Habitat loss,0,0,South American,1,Venezuela,,CR,Known only from holotype.
Frog sp.,Dendropsophus battersbyi,Anura,Hylidae,1850,171,0,Pollution,0,0,South American,1,Venezuela,,DD,"Last observed in ""first half of 1800s"",  1850 conservatively applied. "
Mazaruni Treefrog,Dendropsophus grandisonae,Anura,Hylidae,1966,55,0,Unknown,0,0,South American,1,Guyana,,DD,Known only from holotype.
Frog sp.,Dendropsophus tintinnabulum,Anura,Hylidae,1941,80,0,Unknown,0,0,South American,1,Brazil,,DD,Known only from type series.  Collection date not given so description date applied.
Frog sp.,Dryaderces inframaculata,Anura,Hylidae,1921,100,0,Unknown,0,0,South American,1,Brazil,,DD,
Pulo Weh Toad,Duttaphrynus valhallae,Anura,Bufonidae,1908,113,0,Unknown,1,?,Oriental,1,Indonesia ,(Pulo weh),DD,Known only from holotype.
Oaxacan Fringe-limbed Treefrog,Ecnomiohyla echinata,Anura,Hylidae,1962,59,1,"Possibly chytrid, habitat loss",0,1,South American,1,Mexico,,CR,
Frog sp.,Ecnomiohyla phantasmagoria,Anura,Hylidae,1943,78,0,Habitat loss,0,?,South American,1,Colombia,,DD,"Known only from holotype. Last observed in ""Early 1940s"", 1943 conservatively applied."
Cerro Mali Treefrog,Ecnomiohyla thysanota,Anura,Hylidae,1966,55,0,Chytrid,0,1,South American,1,Panama ,,DD,Known only from holotype. Collection date not given so description date applied.
Frog sp.,Ectopoglossus absconditus,Anura,Dendrobatidae,1939,82,0,Unknown,0,0,South American,1,Colombia,,DD,Known only from type series. 
Eastern Caecilian,Epicrionops lativittatus,Gymnophiona,Rhinatrematidae,1968,53,0,Unknown,0,0,South American,1,Peru,,DD,Known only from holotype. Collection date not given so description date applied.
Salamander sp.,Eurycea robusta,Caudata,Plethodontidae,1951,70,0,Aquifer depletion,0,0,North American,0,United States,Texas,DD,Known only from type series. Taxonomy uncertain.
Mysore Frog,Fejervarya mysorensis,Anura,Dicroglossidae,1922,99,0,Habitat loss ,0,1,Oriental,1,India,,DD,Known only from type series. Collection date not given so description date applied.
Gold-spotted Marsupial Frog,Gastrotheca aureomaculata,Anura,Hemiphractidae,1969,52,0,Habitat loss,0,1,South American,1,Colombia,,EN,
Frog sp.,Gastrotheca williamsoni,Anura,Hemiphractidae,1922,99,0,Habitat loss,0,0,South American,1,Venezuela,,DD,Known only from type series. 
Seshachari's Caecilian,Gegeneophis seshachari,Gymnophiona,Indotyphlidae,1967,54,0,Unknown,0,0,Oriental,1,India,Western Ghats,DD,Known only from holotype
Frog sp.,Haddadus plicifer,Anura,Craugastoridae ,1921,100,0,Unknown,0,0,South American,1,Brazil,,DD,Known only from type series. 
Frog sp.,Hemisus brachydactylus,Anura,Hemisotidae,1929,92,0,Unknown,0,?,African,1,Tanzania,,DD,
Victoria Caecilian,Herpele multiplicata,Gymnophiona,Herpelidae,1912,109,0,Unknown,0,?,African,1,Cameroon,,DD,Known only from type series. 
Toungoo Frog,Humerana oatesii,Anura,Ranidae,1892,129,0,"Habitat loss, fires",0,?,Oriental,1,Myanmar,,DD,Known only from type series. 
Colombian Backpack Frog,Hyla nicefori,Anura,Hylidae,1949,72,0,Habitat loss,0,1,South American,1,Colombia,,DD,"Known only from holotype. Last observed in 1940s, 1949 conservatively applied."
Frog sp.,Hylarana margariana,Anura,Ranidae,1875,146,0,Unknown,0,0,Oriental,1,Myanmar,,DD,Known only from type series. 
Frog sp.,Hylophorbus rufescens,Anura,Microhylidae,1879,142,0,Unknown,1,0,Australian ,1,Papua New Guinea,,DD,"Known only from type series.  Last observed in 1970s, 1979 conservatively applied."
Frog sp.,Hyloxalus peculiaris,Anura,Dendrobatidae,1962,59,0,Habitat loss ,0,1,South American,1,Ecuador,,DD,Known only from type series. 
Frog sp.,Hyloxalus pumilus,Anura,Dendrobatidae,1962,59,0,"Habitat loss, invasive species",0,1,South American,1,Ecuador,,DD,Known only from type series. 
Frog sp.,Hymenochirus feae,Anura,Pipidae,1906,115,0,Unknown,0,?,African,1,Gabon ,,DD,Known only from type series. Collection date not given so description date applied.
Frog sp.,Hynobius turkestanicus,Caudata,Hynobiidae,1909,112,0,Unknown,0,?,Eurasian,0,?,,DD,Known only from type series. Collection date not given so description date applied.
Frog sp.,Hyperolius ferrugineus,Anura,Hyperoliidae,1943,78,0,Unknown,0,?,African,1,Democratic Republic of the Congo,,DD,Known only from type series. Exact collection locality uncertain.
Frog sp.,Hyperolius ghesquieri,Anura,Hyperoliidae,1943,78,0,Unknown,0,0,African,1,Democratic Republic of the Congo,,DD,Known only from type series.
Frog sp.,Hyperolius inornatus,Anura,Hyperoliidae,1943,78,0,Unknown,0,0,African,1,Democratic Republic of the Congo,,DD,Known only from holotype
Luvubu Reed Frog,Hyperolius leleupi,Anura,Hyperoliidae,1951,70,0,Habitat loss,0,1,African,1,Democratic Republic of the Congo,,EN,Known only from type series. 
Frog sp.,Hyperolius obscurus,Anura,Hyperoliidae,1943,78,0,Unknown,0,0,African,1,Democratic Republic of the Congo,,DD,Known only from holotype
Frog sp.,Hyperolius papyri,Anura,Hyperoliidae,1905,116,0,Unknown,0,?,African,1,South Sudan,,DD,Known only from type series. 
African Reed Frog,Hyperolius rhizophilus,Anura,Hyperoliidae,1885,136,0,Unknown,0,0,African,1,Angola,Cabinda,DD,Known only from type series. 
Me Wang Valley Caecilian,Ichthyophis acuminatus,Gymnophiona,Ichthyophiidae,1960,61,0,Unknown,0,?,Oriental,1,Thailand,,DD,Known only from holotype. Collection date not given so description date applied.
Long Bloee Caecilian,Ichthyophis atricollaris,Gymnophiona,Ichthyophiidae,1965,56,0,Unknown,0,?,South American,1,Malaysia,Sarawak,DD,Known only from holotype. Collection date not given so description date applied.
Billiton Island Caecilian,Ichthyophis billitonensis,Gymnophiona,Ichthyophiidae,1965,56,0,Habitat loss,1,0,Oriental,1,Indonesia ,Beiltung Island,DD,Known only from holotype. Collection date not given so description date applied.
Java Caecilian,Ichthyophis javanicus,Gymnophiona,Ichthyophiidae,1960,61,0,Unknown,1,?,Oriental,1,Indonesia,Java,DD,Known only from holotype. Collection date not given so description date applied.
Singapore Caecilian,Ichthyophis singaporensis,Gymnophiona,Ichthyophiidae,1960,61,0,Unknown,0,0,Oriental,1,Singapore,,DD,Known only from holotype. Collection date not given so description date applied.
Chang Mai Caecilian,Ichthyophis youngorum,Gymnophiona,Ichthyophiidae,1957,64,0,Unknown,0,1,Oriental,1,Thailand,,DD,Known only from type series. 
Toad sp.,Ischnocnema verrucosa,Anura,Brachycephalidae,1862,159,0,Habitat loss,0,0,South American,1,Brazil,,DD,Collection date not given so description date applied
Robinson's Grainy Frog,Kalophrynus robinsoni,Anura,Microhylidae,1922,99,0,Unknown,0,1,Oriental,1,Malaysia,,DD,
Hualo,Leptodactylus pascoensis,Anura,Leptodactylidae,1961,60,0,Habitat loss,0,0,South American,1,Peru,,DD,Known only from type series. 
Quissange Forest Tree Frog,Leptopelis marginatus,Anura,Arthroleptidae,1895,126,0,Unknown,0,?,African,1,Angola,,DD,Known only from holotype.
Khammon Wart Frog,Limnonectes khammonensis,Anura,Dicroglossidae,1927,94,0,Unknown,0,?,Oriental,1,Laos,,DD,
Puebla Frog,Lithobates pueblae,Anura,Ranidae,1948,73,1,Habitat loss,0,1,South American,1,Mexico ,,CR,Known only from holotype.
Garman New Guinea Treefrog,Litoria jeudii,Anura,Pelodryadidae,1901,120,0,Habitat loss,1,?,Australian ,1,Papua New Guinea,,DD,Known only from holotype. Collection date not given so description date applied.
Sapito Acollarado de Rancho Grande,Mannophryne neblina,Anura,Aromobatidae,1951,70,0,"Chytrid, habitat loss",0,0,South American,1,Venezuela,,CR,Known only from type series. Formerly listed as possibly extinct.
Frog sp.,Megaelosia bocainensis,Anura,Hylodidae,1968,53,0,Unknown,0,?,South American,1,Brazil,,DD,Known only from holotype
Jordan Button Frog,Megaelosia jordanensis,Anura,Hylodidae,1944,77,0,Unknown,0,1,South American,1,Brazil,,DD,
Cloud Forest Treefrog,Megastomatohyla nubicola,Anura,Hylidae,1968,53,0,Habitat loss,0,1,South American,1,Mexico,,CR,
Toad sp.,Melanophryniscus pachyrhynus,Anura,Bufonidae,1905,116,0,Habitat loss,0,0,South American,1,Brazil,,DD,Known only from type series. 
Toad sp.,Melanophryniscus peritus,Anura,Bufonidae,1953,68,1,Habitat loss,0,1,South American,1,Brazil,,CR,Known only from holotype.
Large-Eyed Torrent Frog,Meristogenys macrophthalmus,Anura,Ranidae,1964,57,0,Habitat loss,0,0,Oriental,1,Malaysia,Sarawak,DD,Known only from holotype
Frog sp.,Micrixalus narainensis,Anura,Micrixalidae,1937,84,0,Habitat loss,0,?,Oriental,1,India ,Western Ghats,DD,Known only from holotype. Exact collection locality uncertain.
Brown Rice Frog,Microhyla fusca,Anura,Microhylidae,1943,78,0,Unknown,0,?,Oriental,1,Vietnam,,DD,Known only from type series. 
Reinhardt's Caecilian,Mimosiphonops reinhardti,Gymnophiona,Siphonopidae,1878,143,0,Unknown,0,?,South American,1,Brazil,,DD,Known only from holotype. Exact collection locality uncertain.
Dayman Big-eyed Treefrog,Nyctimystes daymani,Anura,Pelodryadidae,1958,63,0,None,1,1,Australian ,1,Papua New Guinea,,LC,Known only from type series
Mountain Big-eyed Treefrog,Nyctimystes montanus,Anura,Pelodryadidae,1920,101,0,Unknown,1,1,Australian ,1,Indonesia,Papua,DD,Known only from holotype.
Napo Cochran Frog,Nymphargus anomalus,Anura,Centrolenidae,1971,50,0,Habitat loss ,0,1,South American,1,Ecuador,,CR,Known only from holotype.
Frog sp.,Nymphargus laurae,Anura,Centrolenidae,1955,66,0,Habitat loss,0,0,South American,1,Ecuador,,CR,Known only from holotype. GBIF used as last obervation date resource 
Frog sp.,Odorrana sinica,Anura,Ranidae,1925,96,0,Unknown ,0,?,Oriental,?,China ,,DD,Known only from holotype. Exact collection locality uncertain.
El Empalme Worm Salamander,Oedipina paucidentata,Caudata,Plethodontidae,1952,69,0,Habitat loss,0,1,South American,1,Costa Rica,,DD,Known only from type series. 
Stuart's Worm Salamander,Oedipina stuarti,Caudata,Plethodontidae,1904,117,0,"Habitat loss, possibly chytrid",1,1,South American,1,Honduras,,DD,Known only from type series. 
Joinville Caecilian,Oscaecilia hypereumeces,Gymnophiona,Caeciliidae,1968,53,0,Unknown,0,0,South American,1,Brazil,,DD,Known only from type series. Collection date not given so description date applied.
Helena's Treefrog,Osteocephalus helenae,Anura,Hylidae,1914,107,0,Unknown,0,?,South American,1,Guyana,,DD,Known only from holotype.
Amani Forest Frog,Parhoplophryne usambarica,Anura,Microhylidae,1928,93,1,Habitat loss presumed ,0,1,African,1,Tanzania,,CR,Known only from holotype. Collection date not given so description date applied
Kemp's Asian Tree Toad,Pedostibes kempi,Anura,Bufonidae,1919,102,0,Unknown,0,1,Oriental,1,India,,DD,Known only from type series. 
Toad sp.,Pelophryne macrotis,Anura,Bufonidae,1938,83,0,Unknown,0,?,Oriental,1,Malaysia,Sarawak,DD,Known only from holotype. Taxonomy uncertain
Jacobson's Bubble-nest Frog,Philautus jacobsoni,Anura,Rhacophoriae,1912,109,1,Habitat loss,1,1,Oriental,1,Indonesia,Java,CR,Known only from holotype.
Jerdon's Bubble-nest Frog,Philautus jerdonii,Anura,Rhacophoriae,1876,145,0,Unknown,0,?,Oriental,1,India,,DD,Known only from type series. 
Tura Bubble-nest Frog,Philautus kempiae,Anura,Rhacophoriae,1919,102,0,Unknown,0,?,Oriental,1,India,,DD,Known only from type series. 
Kemp's Bush Frog,Philautus kempii,Anura,Rhacophoriae,1912,109,0,Unknown,0,0,Oriental,1,India,,DD,Known only from holotype.
Kobo Bubble-nest Frog,Philautus microdiscus,Anura,Rhacophoriae,1912,109,0,Unknown,0,0,Oriental,1,India,,DD,Known only from type series. 
Frog sp.,Philautus tytthus,Anura,Rhacophoriae,1940,81,0,Unknown,0,?,Oriental,1,Myanmar,,DD,Known only from type series. Exact collection locality uncertain.
Frog sp.,Phrynobatrachus brongersmai,Anura,Phrynobatrachidae,1935,86,0,Unknown,0,?,African,1,Liberia,,DD,Known only from holotype. Exact collection locality uncertain.
Frog sp.,Phrynobatrachus hieroglyphicus,Anura,Phrynobatrachidae,1969,52,0,Mining,0,0,African,1,Liberia,,DD,Known only from holotype. Thoroughly searched 
Frog sp.,Phrynomedusa appendiculata,Anura,Phyllomedusidae,1970,51,0,Chytrid,0,0,South American,1,Brazil,,NT,Known only from holotype. Not seen  in 1970 despite repeated searches 1970 conservativly applied.
Frog sp.,Phrynopus kotosh,Anura,Craugastoridae ,1969,52,0,Habitat loss. ,0,1,South American,1,Peru,,DD,Known only from type series. 
Frog sp.,Plectrohyla pycnochila,Anura,Hylidae,1954,67,1,Habitat loss,0,1,South American,1,Mexico,,CR,Known only from holotype.
Frog sp.,Pristimantis grandoculis,Anura,Craugastoridae ,1901,120,0,None,0,0,South American,1,Suriname,,DD,Known only from holotype.
Frog sp.,Pristimantis reticulatus,Anura,Craugastoridae ,1952,69,0,Possibly chytrid,0,1,South American,1,Venezuela,,DD,Known only from type series. 
Frog sp.,Pristimantis rozei,Anura,Craugastoridae ,1959,62,0,Potentially chytrid,0,1,South American,1,Venezuela,,DD,"Known only from type series. Last observed in 1950s,  1959 conservatively applied"
Frog sp.,Pristimantis scitulus,Anura,Craugastoridae ,1971,50,0,Habitat loss,0,1,South American,1,Peru,,DD,Known only from type series. 
Periquito Robber Frog,Pristimantis stenodiscus,Anura,Craugastoridae ,1955,66,0,Possibly chytrid,0,1,South American,1,Venezuela,,CR,
Teotepec Salamander,Pseudoeurycea teotepec,Caudata,Plethodontidae,1964,57,1,Habitat loss ,0,1,South American,1,Mexico,,CR,Known only from holotype.
Frog sp.,Pseudopaludicola mirandae,Anura,Leptodactylidae,1969,52,0,Unknown,0,0,South American,1,Argentina,,DD,"Known only from type series. Last observed in 1960s, 1969 conservatively applied"
Frog sp.,Ptychadena ingeri,Anura,Ptychadenidae,1959,62,0,None,0,0,African,1,Democratic Republic of the Congo,,DD,Known only from type series. 
Frog sp.,Pulchrana debussyi,Anura,Ranidae,1910,111,0,Unknown,1,?,Oriental,1,Indonesia ,Sumatra,DD,Known only from holotype.
Malabar Bubble-nest Frog,Raorchestes flaviventris,Anura,Rhacophoriae,1882,139,0,Unknown. Possibly habitat loss,0,?,Oriental,1,India,,DD,Known only from type series. Exact collection locality uncertain.
Frog sp.,Rhacophorus depressus,Anura,Rhacophoriae,1927,94,0,Unknown,0,?,?,?,?,,DD,Known only from holotype. Tentatively from Java but true collection location unknown
Frog sp.,Rhacophorus taronensis,Anura,Rhacophoriae,1939,82,0,Unknown,0,?,Oriental,1,Myanmar,,DD,Known only from type series. Exact collection locality uncertain.
Frog sp.,Rhacophorus turpes,Anura,Rhacophoriae,1939,82,0,Unknown,0,?,Oriental,1,Myanmar,,DD,Known only from type series. Exact collection locality uncertain.
Toad sp.,Rhinella amabilis,Anura,Bufonidae,1968,53,0,Habitat loss,0,1,South American,1,Ecuador,,CR,
Toad sp.,Rhinella gnustae,Anura,Bufonidae,1925,96,0,"Habitat loss, invasive species",0,1,South American,1,Argentina,,DD,Known only from holotype.
Mesopotamia Beaked Toad,Rhinella rostrata,Anura,Bufonidae,1914,107,1,Habitat loss,0,1,South American,1,Colombia,,CR,Known only from type series. 
Puebla Treefrog,Sarcohyla charadricola,Anura,Hylidae,1961,60,1,Habitat loss,0,1,South American,1,Mexico,,CR,Known only from type series. 
Semiaquatic Treefrog,Sarcohyla pachyderma,Anura,Hylidae,1940,81,1,"Habitat loss, possibly chytrid",0,1,South American,1,Mexico,,CR,Known only from type series.  
Frog sp.,Scinax baumgardneri,Anura,Hylidae,1960,61,0,Habitat loss,0,0,South American,1,Venezuela,,DD,
Brewer's Carrying Frog,Stefania breweri,Anura,Hemiphractidae,1971,50,0,Climate change,0,1,South American,1,Venezuela,,VU,Known only from holotype
Frog sp.,Strongylopus kilimanjaro,Anura,Pyxicephalidae,1936,85,0,Unknown,0,1,African,1,Tanzania,,DD,Known only from type series. 
Hall's Water Frog,Telmatobius halli,Anura,Telmatobiidae,1935,86,0,Unknown,0,1,South American,1,Chile,,DD,Known only from type series. 
Frog sp.,Telmatobius laevis,Anura,Telmatobiidae,1887,134,0,Unknown,0,?,South American,1,Chile,,DD,Known only from type series. 
Frog sp.,Theloderma laeve,anura,Rhacophoriae,1918,103,0,Unknown,0,?,Oriental,1,Vietnam,,DD,Known only from holotype.
Frog sp.,Uperoleia marmorata,Anura,Myobatrachidae,1841,180,0,Unknown,0,0,Australian ,0,Australia ,,DD,Known only from holotype.
,,,,,,,,,,,,,,,
,,,,,,,,,,,,,,,
,,,,,,,,,,,,,,,
,,,,,,,,,,,,,,,
,,,,,,,,,,,,,,,
,,,,,,,,,,,,,,,
,,,,,,,,,,,,,,,
,,,,,,,,,,,,,,,
,,,,,,,,,,,,,,,
,,,,,,,,,,,,,,,
,,,,,,,,,,,,,,,
,,,,,,,,,,,,,,,
,,,,,,,,,,,,,,,
,,,,,,,,,,,,,,,
,,,,,,,,,,,,,,,
,,,,,,,,,,,,,,,
,,,,,,,,,,,,,,,
,,,,,,,,,,,,,,,
,,,,,,,,,,,,,,,
,,,,,,,,,,,,,,,
,,,,,,,,,,,,,,,
,,,,,,,,,,,,,,,
,,,,,,,,,,,,,,,
,,,,,,,,,,,,,,,
,,,,,,,,,,,,,,,
,,,,,,,,,,,,,,,
,,,,,,,,,,,,,,,
,,,,,,,,,,,,,,,
,,,,,,,,,,,,,,,
,,,,,,,,,,,,,,,
,,,,,,,,,,,,,,,
,,,,,,,,,,,,,,,
,,,,,,,,,,,,,,,
,,,,,,,,,,,,,,,
,,,,,,,,,,,,,,,
,,,,,,,,,,,,,,,
,,,,,,,,,,,,,,,
,,,,,,,,,,,,,,,
,,,,,,,,,,,,,,,
,,,,,,,,,,,,,,,
,,,,,,,,,,,,,,,
,,,,,,,,,,,,,,,
,,,,,,,,,,,,,,,
,,,,,,,,,,,,,,,
,,,,,,,,,,,,,,,
,,,,,,,,,,,,,,,
,,,,,,,,,,,,,,,
,,,,,,,,,,,,,,,
,,,,,,,,,,,,,,,
,,,,,,,,,,,,,,,
,,,,,,,,,,,,,,,
,,,,,,,,,,,,,,,
,,,,,,,,,,,,,,,
,,,,,,,,,,,,,,,
,,,,,,,,,,,,,,,
,,,,,,,,,,,,,,,
,,,,,,,,,,,,,,,
,,,,,,,,,,,,,,,
,,,,,,,,,,,,,,,
,,,,,,,,,,,,,,,
,,,,,,,,,,,,,,,
,,,,,,,,,,,,,,,
,,,,,,,,,,,,,,,
,,,,,,,,,,,,,,,
,,,,,,,,,,,,,,,
,,,,,,,,,,,,,,,
,,,,,,,,,,,,,,,
,,,,,,,,,,,,,,,
,,,,,,,,,,,,,,,
,,,,,,,,,,,,,,,
,,,,,,,,,,,,,,,
,,,,,,,,,,,,,,,
,,,,,,,,,,,,,,,
,,,,,,,,,,,,,,,
,,,,,,,,,,,,,,,
,,,,,,,,,,,,,,,
,,,,,,,,,,,,,,,
,,,,,,,,,,,,,,,
,,,,,,,,,,,,,,,
,,,,,,,,,,,,,,,
,,,,,,,,,,,,,,,
,,,,,,,,,,,,,,,
,,,,,,,,,,,,,,,
,,,,,,,,,,,,,,,
,,,,,,,,,,,,,,,
,,,,,,,,,,,,,,,
,,,,,,,,,,,,,,,
,,,,,,,,,,,,,,,
,,,,,,,,,,,,,,,
,,,,,,,,,,,,,,,
,,,,,,,,,,,,,,,
,,,,,,,,,,,,,,,
,,,,,,,,,,,,,,,
,,,,,,,,,,,,,,,
,,,,,,,,,,,,,,,
,,,,,,,,,,,,,,,
,,,,,,,,,,,,,,,
,,,,,,,,,,,,,,,
,,,,,,,,,,,,,,,
,,,,,,,,,,,,,,,
,,,,,,,,,,,,,,,
,,,,,,,,,,,,,,,
,,,,,,,,,,,,,,,
,,,,,,,,,,,,,,,
,,,,,,,,,,,,,,,
,,,,,,,,,,,,,,,
,,,,,,,,,,,,,,,
,,,,,,,,,,,,,,,
,,,,,,,,,,,,,,,
,,,,,,,,,,,,,,,
,,,,,,,,,,,,,,,
,,,,,,,,,,,,,,,
,,,,,,,,,,,,,,,
,,,,,,,,,,,,,,,
,,,,,,,,,,,,,,,
,,,,,,,,,,,,,,,
,,,,,,,,,,,,,,,
,,,,,,,,,,,,,,,
,,,,,,,,,,,,,,,
,,,,,,,,,,,,,,,
,,,,,,,,,,,,,,,
,,,,,,,,,,,,,,,
,,,,,,,,,,,,,,,
,,,,,,,,,,,,,,,
,,,,,,,,,,,,,,,
,,,,,,,,,,,,,,,
,,,,,,,,,,,,,,,
,,,,,,,,,,,,,,,
,,,,,,,,,,,,,,,
,,,,,,,,,,,,,,,
,,,,,,,,,,,,,,,
,,,,,,,,,,,,,,,
,,,,,,,,,,,,,,,
,,,,,,,,,,,,,,,
,,,,,,,,,,,,,,,
,,,,,,,,,,,,,,,
,,,,,,,,,,,,,,,
,,,,,,,,,,,,,,,
,,,,,,,,,,,,,,,
,,,,,,,,,,,,,,,
,,,,,,,,,,,,,,,
,,,,,,,,,,,,,,,
,,,,,,,,,,,,,,,
,,,,,,,,,,,,,,,
,,,,,,,,,,,,,,,
,,,,,,,,,,,,,,,
,,,,,,,,,,,,,,,
,,,,,,,,,,,,,,,
,,,,,,,,,,,,,,,
,,,,,,,,,,,,,,,
,,,,,,,,,,,,,,,
,,,,,,,,,,,,,,,
,,,,,,,,,,,,,,,
,,,,,,,,,,,,,,,
,,,,,,,,,,,,,,,
,,,,,,,,,,,,,,,
,,,,,,,,,,,,,,,
,,,,,,,,,,,,,,,
,,,,,,,,,,,,,,,
,,,,,,,,,,,,,,,
,,,,,,,,,,,,,,,
,,,,,,,,,,,,,,,
,,,,,,,,,,,,,,,
,,,,,,,,,,,,,,,
,,,,,,,,,,,,,,,
,,,,,,,,,,,,,,,
,,,,,,,,,,,,,,,
,,,,,,,,,,,,,,,
,,,,,,,,,,,,,,,
,,,,,,,,,,,,,,,
,,,,,,,,,,,,,,,
,,,,,,,,,,,,,,,
,,,,,,,,,,,,,,,
,,,,,,,,,,,,,,,
,,,,,,,,,,,,,,,
,,,,,,,,,,,,,,,
,,,,,,,,,,,,,,,
,,,,,,,,,,,,,,,
,,,,,,,,,,,,,,,
,,,,,,,,,,,,,,,
,,,,,,,,,,,,,,,
,,,,,,,,,,,,,,,
,,,,,,,,,,,,,,,
,,,,,,,,,,,,,,,
,,,,,,,,,,,,,,,
,,,,,,,,,,,,,,,
,,,,,,,,,,,,,,,
,,,,,,,,,,,,,,,
,,,,,,,,,,,,,,,
,,,,,,,,,,,,,,,
,,,,,,,,,,,,,,,
,,,,,,,,,,,,,,,
,,,,,,,,,,,,,,,
,,,,,,,,,,,,,,,
,,,,,,,,,,,,,,,
,,,,,,,,,,,,,,,
,,,,,,,,,,,,,,,
,,,,,,,,,,,,,,,
,,,,,,,,,,,,,,,
,,,,,,,,,,,,,,,
,,,,,,,,,,,,,,,
,,,,,,,,,,,,,,,
,,,,,,,,,,,,,,,
,,,,,,,,,,,,,,,
,,,,,,,,,,,,,,,
,,,,,,,,,,,,,,,
,,,,,,,,,,,,,,,
,,,,,,,,,,,,,,,
,,,,,,,,,,,,,,,
,,,,,,,,,,,,,,,
,,,,,,,,,,,,,,,
,,,,,,,,,,,,,,,
,,,,,,,,,,,,,,,
,,,,,,,,,,,,,,,
,,,,,,,,,,,,,,,
,,,,,,,,,,,,,,,
,,,,,,,,,,,,,,,
,,,,,,,,,,,,,,,
,,,,,,,,,,,,,,,
,,,,,,,,,,,,,,,
,,,,,,,,,,,,,,,
,,,,,,,,,,,,,,,
,,,,,,,,,,,,,,,
,,,,,,,,,,,,,,,
,,,,,,,,,,,,,,,
,,,,,,,,,,,,,,,
,,,,,,,,,,,,,,,
,,,,,,,,,,,,,,,
,,,,,,,,,,,,,,,
,,,,,,,,,,,,,,,
,,,,,,,,,,,,,,,
,,,,,,,,,,,,,,,
,,,,,,,,,,,,,,,
,,,,,,,,,,,,,,,
,,,,,,,,,,,,,,,
,,,,,,,,,,,,,,,
,,,,,,,,,,,,,,,
,,,,,,,,,,,,,,,
,,,,,,,,,,,,,,,
,,,,,,,,,,,,,,,
,,,,,,,,,,,,,,,
,,,,,,,,,,,,,,,
,,,,,,,,,,,,,,,
,,,,,,,,,,,,,,,
,,,,,,,,,,,,,,,
,,,,,,,,,,,,,,,
,,,,,,,,,,,,,,,
,,,,,,,,,,,,,,,
,,,,,,,,,,,,,,,
,,,,,,,,,,,,,,,
,,,,,,,,,,,,,,,
,,,,,,,,,,,,,,,
,,,,,,,,,,,,,,,
,,,,,,,,,,,,,,,
,,,,,,,,,,,,,,,
,,,,,,,,,,,,,,,
,,,,,,,,,,,,,,,
,,,,,,,,,,,,,,,
,,,,,,,,,,,,,,,
,,,,,,,,,,,,,,,
,,,,,,,,,,,,,,,
,,,,,,,,,,,,,,,
,,,,,,,,,,,,,,,
,,,,,,,,,,,,,,,
,,,,,,,,,,,,,,,
,,,,,,,,,,,,,,,
,,,,,,,,,,,,,,,
,,,,,,,,,,,,,,,
,,,,,,,,,,,,,,,
,,,,,,,,,,,,,,,
,,,,,,,,,,,,,,,
,,,,,,,,,,,,,,,
,,,,,,,,,,,,,,,
,,,,,,,,,,,,,,,
,,,,,,,,,,,,,,,
,,,,,,,,,,,,,,,
,,,,,,,,,,,,,,,
,,,,,,,,,,,,,,,
,,,,,,,,,,,,,,,
,,,,,,,,,,,,,,,
,,,,,,,,,,,,,,,
,,,,,,,,,,,,,,,
,,,,,,,,,,,,,,,
,,,,,,,,,,,,,,,
,,,,,,,,,,,,,,,
,,,,,,,,,,,,,,,
,,,,,,,,,,,,,,,
,,,,,,,,,,,,,,,
,,,,,,,,,,,,,,,
,,,,,,,,,,,,,,,
,,,,,,,,,,,,,,,
,,,,,,,,,,,,,,,
,,,,,,,,,,,,,,,
,,,,,,,,,,,,,,,
,,,,,,,,,,,,,,,
,,,,,,,,,,,,,,,
,,,,,,,,,,,,,,,
,,,,,,,,,,,,,,,
,,,,,,,,,,,,,,,
,,,,,,,,,,,,,,,
,,,,,,,,,,,,,,,
,,,,,,,,,,,,,,,
,,,,,,,,,,,,,,,
,,,,,,,,,,,,,,,
,,,,,,,,,,,,,,,
,,,,,,,,,,,,,,,
,,,,,,,,,,,,,,,
,,,,,,,,,,,,,,,
,,,,,,,,,,,,,,,
,,,,,,,,,,,,,,,
,,,,,,,,,,,,,,,
,,,,,,,,,,,,,,,
,,,,,,,,,,,,,,,
,,,,,,,,,,,,,,,
,,,,,,,,,,,,,,,
,,,,,,,,,,,,,,,
,,,,,,,,,,,,,,,
,,,,,,,,,,,,,,,
,,,,,,,,,,,,,,,
,,,,,,,,,,,,,,,
,,,,,,,,,,,,,,,
,,,,,,,,,,,,,,,
,,,,,,,,,,,,,,,
,,,,,,,,,,,,,,,
,,,,,,,,,,,,,,,
,,,,,,,,,,,,,,,
,,,,,,,,,,,,,,,
,,,,,,,,,,,,,,,
,,,,,,,,,,,,,,,
,,,,,,,,,,,,,,,
,,,,,,,,,,,,,,,
,,,,,,,,,,,,,,,
,,,,,,,,,,,,,,,
,,,,,,,,,,,,,,,
,,,,,,,,,,,,,,,
,,,,,,,,,,,,,,,
,,,,,,,,,,,,,,,
,,,,,,,,,,,,,,,
,,,,,,,,,,,,,,,
,,,,,,,,,,,,,,,
,,,,,,,,,,,,,,,
,,,,,,,,,,,,,,,
,,,,,,,,,,,,,,,
,,,,,,,,,,,,,,,
,,,,,,,,,,,,,,,
,,,,,,,,,,,,,,,
,,,,,,,,,,,,,,,
,,,,,,,,,,,,,,,
,,,,,,,,,,,,,,,
,,,,,,,,,,,,,,,
,,,,,,,,,,,,,,,
,,,,,,,,,,,,,,,
,,,,,,,,,,,,,,,
,,,,,,,,,,,,,,,
,,,,,,,,,,,,,,,
,,,,,,,,,,,,,,,
,,,,,,,,,,,,,,,
,,,,,,,,,,,,,,,
,,,,,,,,,,,,,,,
,,,,,,,,,,,,,,,
,,,,,,,,,,,,,,,
,,,,,,,,,,,,,,,
,,,,,,,,,,,,,,,
,,,,,,,,,,,,,,,
,,,,,,,,,,,,,,,
,,,,,,,,,,,,,,,
,,,,,,,,,,,,,,,
,,,,,,,,,,,,,,,
,,,,,,,,,,,,,,,
,,,,,,,,,,,,,,,
,,,,,,,,,,,,,,,
,,,,,,,,,,,,,,,
,,,,,,,,,,,,,,,
,,,,,,,,,,,,,,,
,,,,,,,,,,,,,,,
,,,,,,,,,,,,,,,
,,,,,,,,,,,,,,,
,,,,,,,,,,,,,,,
,,,,,,,,,,,,,,,
,,,,,,,,,,,,,,,
,,,,,,,,,,,,,,,
,,,,,,,,,,,,,,,
,,,,,,,,,,,,,,,
,,,,,,,,,,,,,,,
,,,,,,,,,,,,,,,
,,,,,,,,,,,,,,,
,,,,,,,,,,,,,,,
,,,,,,,,,,,,,,,
,,,,,,,,,,,,,,,
,,,,,,,,,,,,,,,
,,,,,,,,,,,,,,,
,,,,,,,,,,,,,,,
,,,,,,,,,,,,,,,
,,,,,,,,,,,,,,,
,,,,,,,,,,,,,,,
,,,,,,,,,,,,,,,
,,,,,,,,,,,,,,,
,,,,,,,,,,,,,,,
,,,,,,,,,,,,,,,
,,,,,,,,,,,,,,,
,,,,,,,,,,,,,,,
,,,,,,,,,,,,,,,
,,,,,,,,,,,,,,,
,,,,,,,,,,,,,,,
,,,,,,,,,,,,,,,
,,,,,,,,,,,,,,,
,,,,,,,,,,,,,,,
,,,,,,,,,,,,,,,
,,,,,,,,,,,,,,,
,,,,,,,,,,,,,,,
,,,,,,,,,,,,,,,
,,,,,,,,,,,,,,,
,,,,,,,,,,,,,,,
,,,,,,,,,,,,,,,
,,,,,,,,,,,,,,,
,,,,,,,,,,,,,,,
,,,,,,,,,,,,,,,
,,,,,,,,,,,,,,,
,,,,,,,,,,,,,,,
,,,,,,,,,,,,,,,
,,,,,,,,,,,,,,,
,,,,,,,,,,,,,,,
,,,,,,,,,,,,,,,
,,,,,,,,,,,,,,,
,,,,,,,,,,,,,,,
,,,,,,,,,,,,,,,
,,,,,,,,,,,,,,,
,,,,,,,,,,,,,,,
,,,,,,,,,,,,,,,
,,,,,,,,,,,,,,,
,,,,,,,,,,,,,,,
,,,,,,,,,,,,,,,
,,,,,,,,,,,,,,,
,,,,,,,,,,,,,,,
,,,,,,,,,,,,,,,
,,,,,,,,,,,,,,,
,,,,,,,,,,,,,,,
,,,,,,,,,,,,,,,
,,,,,,,,,,,,,,,
,,,,,,,,,,,,,,,
,,,,,,,,,,,,,,,
,,,,,,,,,,,,,,,
,,,,,,,,,,,,,,,
,,,,,,,,,,,,,,,
,,,,,,,,,,,,,,,
,,,,,,,,,,,,,,,
,,,,,,,,,,,,,,,
,,,,,,,,,,,,,,,
,,,,,,,,,,,,,,,
,,,,,,,,,,,,,,,
,,,,,,,,,,,,,,,
,,,,,,,,,,,,,,,
,,,,,,,,,,,,,,,
,,,,,,,,,,,,,,,
,,,,,,,,,,,,,,,
,,,,,,,,,,,,,,,
